"Nom","Adresse","Email"
"Peter","85623 Carrillo Forge","laurierusso@yahoo.com"
"Sharon","9970 Jones Views","pbishop@stewart.com"
"Zachary","150 Stephens Parks","janderson@hicks.biz"
"Daniel","5470 Keith View","iblevins@yahoo.com"
"Grant","49546 Sean Junction","lesliecarter@gmail.com"
"Jason","052 Reed Union","tracischwartz@cook.net"
"Jennifer","392 Matthew Meadow Suite 731","hamptonandrea@solis.com"
"Thomas","55533 Jill Freeway","joshuapena@thornton.net"
"Alicia","527 William Crescent","mccoybilly@schmidt.com"
"William","74339 Kevin Cliffs","billcampbell@west.com"
"Clinton","1976 Katie Ramp Suite 718","frankjohnson@yahoo.com"
"James","55385 Stone Mission","josephstrickland@yahoo.com"
"Ashley","587 Elizabeth Inlet","ebaker@yahoo.com"
"Chad","08173 Hernandez Lakes","obrienmichelle@hotmail.com"
"Sylvia","773 Benjamin Ridge","rileyarthur@gmail.com"
"Nathan","630 Kathryn Cliffs","brian78@hotmail.com"
"Donald","809 Diamond Land Suite 519","sfreeman@yahoo.com"
"Justin","871 James Drives","helen13@pierce-simmons.com"
"Nancy","776 Regina Lodge Apt. 763","thompsonmatthew@gmail.com"
"Angelica","72336 Deborah Islands","wbrown@hotmail.com"
"Lisa","31143 William Station Apt. 936","tmitchell@french.net"
"Paula","188 Hooper Isle","katherinehull@gmail.com"
"Nancy","66524 Dominic Light Apt. 967","tonya02@yahoo.com"
"Tanya","472 Daniel Corners","mhill@gmail.com"
"William","241 Yvonne Divide Apt. 202","susan37@yahoo.com"
"David","8931 Emily Run Apt. 800","joshua08@gmail.com"
"Ryan","78557 Cynthia Plaza","cynthia98@gmail.com"
"Elizabeth","3927 Sims Haven","michael98@schultz.com"
"Cory","077 Natalie Flats Suite 661","andrewjohnson@hotmail.com"
"Jenna","895 Boyd Crescent Suite 522","hobbsjessica@palmer-flynn.com"
"Kathryn","368 Kara Viaduct","amyjackson@hotmail.com"
"Willie","16738 Herman Gateway","fsmith@bryant-holmes.com"
"Andrew","63399 Young Green Suite 223","slittle@hotmail.com"
"Tamara","58489 Vang Lake","aatkins@yahoo.com"
"Justin","91368 Hanson Valley","marcusking@manning.com"
"Amanda","91602 Craig Loop Apt. 273","brandi30@gmail.com"
"Sarah","6544 Hill Hollow","ryan95@gmail.com"
"Michael","767 Foster Landing","fmartinez@clayton-gomez.net"
"Lindsay","1272 Thomas Parkway","dsanchez@nash.org"
"Stephen","4976 Deborah Shoal Suite 525","christian20@gmail.com"
"William","84273 Joshua Terrace","matthew60@hotmail.com"
"Brandi","318 Collins Mission Suite 774","careyjustin@gmail.com"
"Brandon","7125 Gregory Mountains Suite 567","gomezsharon@hotmail.com"
"Steven","958 Alicia Fort","cynthia54@garza.com"
"Monica","029 Michael Landing Apt. 911","smithvalerie@hotmail.com"
"Jeanne","30885 Nathan Turnpike Suite 056","ythomas@yahoo.com"
"Tyler","1696 Torres Port","gtyler@hotmail.com"
"Larry","9490 Forbes Spurs","jasonmorales@ford-henson.com"
"Sarah","072 Williams Valleys","mharris@gmail.com"
"Mark","09889 Thomas Harbor Suite 604","nancymoyer@cook-michael.org"
"Jacob","3052 Casey Underpass","johnsonjesus@yahoo.com"
"Charles","00978 John Pine","brianweeks@hotmail.com"
"Nicholas","651 Nicholas Locks Suite 162","wandaharris@gmail.com"
"Jennifer","03367 Austin Causeway Suite 882","jonescrystal@gmail.com"
"Charles","8856 Jones Lights","christopherwalker@hotmail.com"
"Rachel","638 Pierce Motorway Suite 660","george64@reed.com"
"Sean","80981 Jason Trace","miguel57@lane-holmes.com"
"John","1596 Marie Valleys","wdavis@yahoo.com"
"Robert","68887 Kevin Way Apt. 242","davisnicholas@gmail.com"
"Kyle","31094 Gamble Manor","youngbailey@gmail.com"
"Edward","2521 Douglas Island Suite 120","ghunter@sutton.info"
"Rebecca","677 Thomas Circle","mrandolph@gibbs.net"
"Daisy","591 Lester Creek","cwalls@gmail.com"
"Tracy","9078 Leslie Street","nguyenmatthew@sanchez-hayes.net"
"Marilyn","5793 Nielsen Oval Suite 470","karavargas@shaw.com"
"Devon","5315 Scott Valleys Apt. 601","jamessmith@gmail.com"
"Leslie","4686 Williams Pike","wernerderrick@gmail.com"
"Anthony","99104 Hudson Hollow","josephsmith@hotmail.com"
"Scott","704 Gomez Locks Apt. 809","joshuaramirez@hotmail.com"
"Matthew","056 Christopher Flats Apt. 864","ipetty@yahoo.com"
"Shawn","71928 Herman Hills Apt. 606","denisecollins@rodriguez.biz"
"Aaron","3006 Martin Spur Suite 988","raymond47@fox.com"
"Jason","658 Edward Manor","alexisdaugherty@tran.biz"
"Gina","209 Armstrong Junction Apt. 293","hschneider@gmail.com"
"Michael","867 David Tunnel","yvettehunter@gmail.com"
"Valerie","10898 Vaughn Viaduct","farrellleslie@yahoo.com"
"Timothy","67147 Day Divide Apt. 768","achan@hotmail.com"
"Becky","166 Moore Street Suite 332","andrewood@miles-rojas.info"
"Travis","4164 Erika Harbors Suite 739","denisecarr@farmer.biz"
"Brittany","643 Theresa Skyway Suite 124","patrick90@yahoo.com"
"Brittany","0326 Michael Crossing","brownmark@ross.com"
"Michelle","58074 Jones Fords","njohnson@fuentes.com"
"Juan","905 Antonio Skyway Apt. 774","hdudley@jones.com"
"Mark","9529 Shane Spring Suite 689","foxmichael@gmail.com"
"Jennifer","39678 Mendoza Unions","jessica49@nelson-ford.net"
"Isaiah","910 Julia Islands Apt. 310","lmccarthy@robles.com"
"Jerry","160 Jessica Village","rachael71@hotmail.com"
"Rebecca","8609 Marie Prairie Apt. 075","jennifer73@glass.net"
"Megan","16512 Mann Ports","qnelson@black-watkins.com"
"Richard","3420 Foster Villages","georgewilliams@hall.com"
"Pamela","275 Long Ports","carltrujillo@gmail.com"
"Laura","018 Paul Burg","diane58@malone.com"
"Katherine","5604 Wood Place Suite 969","jamiefisher@gmail.com"
"Alyssa","92713 Joseph Pine Suite 304","qmartinez@huynh.com"
"Craig","56262 Patterson Mount Apt. 983","skoch@wagner.biz"
"Kimberly","992 Tonya Fields","paulmorales@marks.com"
"William","31139 Michael Manors Suite 818","julie84@hotmail.com"
"Elizabeth","9593 Erickson Lake","barbara94@schmidt-kim.com"
"Michael","57981 Shannon Course","natalie53@gmail.com"
"Kim","013 Park Harbor","robinsondawn@gmail.com"
"Jason","832 Patrick Village","wardbrandon@hotmail.com"
"Julie","48173 David Prairie","hallchristina@bullock.net"
"Ashley","09634 Reeves Mall","orogers@simmons.net"
"Courtney","738 James Field","wlewis@phillips.com"
"Brandon","2947 Jones Corners","gary19@shepherd.net"
"Jaclyn","039 Dixon Wells Suite 857","mduncan@taylor.com"
"Charles","1726 Jessica Trail Suite 150","kristine76@yahoo.com"
"Laura","01836 Chelsea Orchard","brianpugh@hotmail.com"
"Valerie","74917 Dean Estate Apt. 834","brittany92@parker-lin.org"
"Candace","470 Grant Fords","ubailey@lozano-bradley.com"
"Steven","309 Elizabeth Ramp Suite 314","brandon44@norton-crawford.org"
"Thomas","820 Tina Lights Apt. 632","duranterri@gmail.com"
"David","9164 Kylie Lights","ashley38@gmail.com"
"Julia","7126 Laurie Road Apt. 751","steven20@yahoo.com"
"Christine","55522 Cameron Loaf","lorigreen@yahoo.com"
"Luis","7941 Carl Islands","aliciabates@jordan-gibson.com"
"Gail","97996 Jennifer Coves Suite 326","amber50@hotmail.com"
"Kimberly","32991 Anderson Landing","cruztamara@hotmail.com"
"Bridget","460 Palmer Burg","tara09@hotmail.com"
"Melissa","1342 Green Keys Suite 952","colemancheyenne@powell-smith.com"
"Aaron","4196 Stokes Valley Suite 207","buchananclaudia@thomas.org"
"Louis","07552 Gutierrez Camp","tuckerpaul@yahoo.com"
"Scott","98988 Rebecca Turnpike Suite 344","crystalperry@pham.info"
"Mary","41051 Donna Lock","georgesmith@gmail.com"
"Brandy","67864 Davila Summit","lisabarnes@sanford-bishop.org"
"Alicia","9275 Misty Circles","jeremyhaynes@harris-bailey.info"
"Matthew","250 Robert Pine","jessemiles@deleon-lawrence.com"
"Larry","249 Keith Shoals Suite 827","lori77@johnston.com"
"April","20691 Gerald Cove","shannon27@gmail.com"
"Charlene","7408 Tracy Burgs","sbooker@taylor-sandoval.biz"
"William","1862 Jacobs Summit Suite 626","tammy27@lopez.org"
"Craig","0223 King Drive","andersontaylor@hernandez-schmitt.biz"
"Brandon","09856 Peter Row Suite 816","michaelturner@bridges.com"
"Nicholas","95554 Thomas Row Apt. 951","rosalescandice@hotmail.com"
"James","51832 Hernandez Falls Apt. 368","anthonylee@yahoo.com"
"David","67484 Taylor Harbor","xcarroll@gmail.com"
"Vanessa","232 Hunter Glen","aaron18@gmail.com"
"Susan","544 Monica Centers","leonardsmith@yahoo.com"
"Beth","643 Randy Freeway","fbennett@hotmail.com"
"Bryan","224 Newman Turnpike","mmedina@gmail.com"
"Jonathon","59792 Steele Ridges","ralphmorgan@hotmail.com"
"Elizabeth","1646 Tyler Lake","audreyjohnson@price.org"
"Steven","6920 Floyd Loop Apt. 458","connorshort@hotmail.com"
"Morgan","320 Anita Fields Apt. 796","ramoschristopher@hill.com"
"Peter","2441 Simon Track Apt. 498","sandra14@gentry-norman.net"
"Laura","81715 Maxwell Heights","stacey43@hotmail.com"
"Timothy","82053 Jose Key","keith01@gmail.com"
"Erica","3927 Lamb Causeway","floresheather@hotmail.com"
"Nicholas","756 Crystal Cliff","billymoore@gmail.com"
"Christina","72452 Danielle Hollow","garrettshannon@hotmail.com"
"George","493 Robert Summit","erica84@gmail.com"
"Robert","029 Oconnor Grove Suite 270","apatton@hotmail.com"
"Ryan","78761 Fernandez Ferry Suite 935","steven90@coleman.com"
"Michael","20307 Foster Highway","graylogan@yahoo.com"
"Erica","037 Jeffrey Trace","haleyhenry@manning.info"
"Anthony","3198 Kelly Place Apt. 118","amanda61@gmail.com"
"Robin","620 John Land Suite 007","michael56@jones.biz"
"Shawn","57581 Christopher Valleys Suite 711","fordbrittany@reyes-silva.com"
"Kimberly","01317 Figueroa Trail","leahjones@thomas.com"
"Bailey","21607 Leonard Camp","catherine29@yahoo.com"
"Thomas","3673 Lori Track","portermax@baker.info"
"Mary","47864 Jonathan Summit Suite 509","ohogan@cordova.com"
"Christina","19612 Perkins Forge Suite 704","mcculloughrobert@hutchinson-herman.org"
"Chad","39446 Gallagher Lane","stephaniewebb@mann-miller.com"
"Whitney","003 Molly Coves Apt. 709","nielsenleroy@chandler-mcdowell.biz"
"Paul","4753 Matthew Junction","sosaalison@yahoo.com"
"Justin","504 Janet Mountain Apt. 905","anntaylor@hotmail.com"
"Jessica","9649 Abigail Meadows Suite 417","vbraun@edwards.com"
"Larry","655 Peterson Harbor Suite 132","parkkaren@hotmail.com"
"Selena","85917 Jane Key","jamesrose@chapman.net"
"Daniel","3127 Parker Shoal Suite 891","vhaas@grant.info"
"Jennifer","23621 Donovan Tunnel Apt. 278","vblake@hotmail.com"
"Ryan","6387 Little Lake","adamscarl@johnson.info"
"Nicole","07074 Mitchell Squares Suite 992","pamelamann@brooks.com"
"Lindsay","196 Spears Harbor Suite 282","ebrown@alexander.com"
"Noah","3316 Martinez Place","robertreed@ingram-hall.com"
"Dennis","57828 Donna Glen Suite 938","kevin50@yahoo.com"
"Stefanie","840 Tyler Well Suite 199","masseyrachel@craig.org"
"Eric","61658 Wall Meadows Apt. 786","wesley50@ritter.info"
"Scott","16701 Megan Freeway","brenda55@hotmail.com"
"Russell","3821 Frances Circle","danielskelly@page-petty.com"
"Richard","744 Veronica Loop Suite 219","shanesmith@yahoo.com"
"Charles","81506 White Forges","xmcbride@fernandez.org"
"Barbara","5107 Nathan Greens","jessicafoster@gmail.com"
"Bryan","08692 Buckley Corners","sanchezjoseph@cherry.net"
"Jessica","7400 Moore Orchard Suite 278","carterblake@castillo.com"
"Brandon","012 Gwendolyn Prairie","petersian@yahoo.com"
"Lee","93377 Mary Park Suite 031","perkinsamy@greene-parker.org"
"Perry","939 Dana Road","jerryford@hernandez-johnston.com"
"Patrick","8518 Fischer Crossroad","charles04@griffin.com"
"Benjamin","85234 Lawrence Groves Suite 661","walter53@gmail.com"
"Justin","4081 Moore Fields Apt. 988","erinwhite@yahoo.com"
"Elizabeth","373 Emma Gateway Suite 185","wongjessica@hotmail.com"
"Vincent","821 Foley Fields","hjenkins@ferguson-mcintosh.com"
"Kevin","70384 Hawkins Throughway","kclark@reed.biz"
"Dustin","6868 Miller Flats Suite 274","amberelliott@washington.com"
"Nathaniel","382 David Locks","connie20@wheeler.com"
"Donald","294 Moon Parkway","eric88@hotmail.com"
"Michael","187 Williams Crossroad","jennifer97@patterson.net"
"Robert","5307 Jennifer Mount Suite 118","jessicabriggs@hotmail.com"
"Brittney","0133 John Junction","charlesle@hotmail.com"
"Kristen","60393 Villarreal Underpass Suite 155","joshuabrewer@hendricks.com"
"Matthew","03368 Rhonda Parks Apt. 304","jeremyyoung@hampton-turner.biz"
"Tammy","2331 Pamela Cove Suite 742","gbowers@shaw.biz"
"Elizabeth","18044 Garcia Rapids","casey58@mendoza.com"
"Julie","72266 Jennings Common","peggymorales@yahoo.com"
"Joseph","996 Rebecca Islands","burchrachel@hotmail.com"
"Frederick","0364 Juarez Cliffs Apt. 710","waremichael@ramos.com"
"Tracy","243 Lee Stream","wmueller@gmail.com"
"Kelly","1892 Hubbard Ports","qrivera@gmail.com"
"Donald","59896 Greene Mills Apt. 034","tchristensen@weaver.com"
"Maria","5340 Hunter Ford","ashleylee@moss.info"
"Matthew","417 Martinez Fall Apt. 389","monique92@harmon.biz"
"Carol","0689 Smith Streets Suite 199","rhonda73@yahoo.com"
"Robert","56136 Grant Isle Suite 694","qgray@gmail.com"
"Charlene","299 Jackson Cove","tsilva@yahoo.com"
"Michael","470 Lambert Pike","victoriaallen@brown-silva.com"
"David","84580 Bruce Walks Suite 597","paul29@edwards-hale.com"
"Amber","266 Matthew Shore Apt. 445","penaterrance@stone-parks.com"
"Lisa","17377 Roberts Estates Apt. 440","evan12@gmail.com"
"Michael","9058 Charles Wells Apt. 428","brucewanda@hotmail.com"
"Billy","8523 Patton Via","morrisonkevin@garcia.com"
"Robert","72131 Williams Street Suite 649","rmeyer@yahoo.com"
"Vickie","9332 Barnes Green","boydkevin@thomas-marshall.com"
"Timothy","1371 Robert Forges","mezasamantha@hotmail.com"
"Amy","08229 Sarah Tunnel","susanwilson@beard.biz"
"Jose","2914 William Spurs Apt. 239","vle@lopez.com"
"Ashley","97799 Faulkner Path Suite 832","marissa99@mclaughlin.com"
"Luis","666 Fuller Fields Suite 804","hillanthony@rangel.com"
"Lydia","954 Stacy Prairie","dianewagner@gmail.com"
"Darlene","241 Jeffrey Shoals Apt. 651","jasminecowan@sanchez-mcknight.biz"
"Miguel","9617 Barbara Stream","weberashlee@kirby-hawkins.info"
"Cristian","7864 Brittany Club","tylermays@lewis.com"
"Denise","822 Henry Trail","josephadams@hernandez.com"
"Daniel","48309 Michael Brooks","carrie11@reynolds-sherman.com"
"Charlotte","81959 Heather Courts Apt. 918","maurice99@gmail.com"
"Natalie","5102 West Vista","garrettlauren@gmail.com"
"Ana","9883 Sheryl Lakes","smithkelly@hotmail.com"
"Jennifer","06197 Hensley Via","crystal76@phillips.biz"
"Anna","814 Morris Falls","fhall@yahoo.com"
"Victoria","8216 Kyle Locks","alexismarsh@shelton-lam.com"
"Bobby","0866 Christina Mission","lfrazier@hotmail.com"
"Jason","213 Derrick Well","lawrencesteven@garcia.com"
"Meghan","79448 Mark Summit Suite 477","tylersmith@yahoo.com"
"Joshua","5164 Susan View","heatherwoods@odom.com"
"Christopher","464 Riley Ferry Apt. 494","reginahernandez@hotmail.com"
"Patrick","083 Williams Greens Apt. 880","herrerathomas@hotmail.com"
"Meagan","49010 Barbara Course","dana59@davis-evans.net"
"Amy","91704 Williams Unions","matthewcruz@yahoo.com"
"Joshua","6366 Jeremy View","ellisjennifer@gmail.com"
"Dennis","310 Christensen Light Suite 439","robertrussell@gmail.com"
"Gina","45350 Buchanan Skyway","joshua71@hotmail.com"
"Robert","89197 Rivers Dale Apt. 463","smithmichelle@austin.net"
"Joseph","536 Douglas Hills Apt. 239","maryrodriguez@howard.com"
"Alicia","417 Sandra Courts Apt. 813","piercejamie@gonzalez.com"
"William","977 Jose Garden","julieboyle@hill-smith.com"
"Joseph","30950 Morales Rapid Suite 695","alejandro98@lowe.biz"
"Victor","163 George Fork","tlawson@lane.com"
"Caitlin","795 Wilson Lake","benjaminreed@alexander.com"
"Michael","6688 Steele Junctions","gsanchez@gmail.com"
"Christopher","1277 Smith Light","jkim@reed.biz"
"Elizabeth","8589 Thomas Run","john77@yahoo.com"
"Morgan","67195 Lucas Knoll Suite 948","blanchardjames@yahoo.com"
"Ethan","2124 Lori Pass Suite 204","meagananderson@vargas.com"
"Michelle","87597 Jessica Manors Apt. 867","jeremy35@franklin.com"
"Kelly","93821 Dakota Landing","taylorjoseph@yates.com"
"Kerri","593 Julie River","ryanmatthews@hurley-morgan.net"
"Derrick","22093 Lisa Park","umiller@yahoo.com"
"Kenneth","36354 Bryant Ford Apt. 312","iwiggins@banks.org"
"Stephanie","5979 Kathryn Flat Suite 925","greg07@carter-williams.info"
"Brandon","197 Rhonda Summit Suite 011","heidigreen@hotmail.com"
"Wendy","136 Kimberly Field Suite 063","kennethowens@yahoo.com"
"Beth","058 Jared Point Suite 914","james54@gmail.com"
"Chelsea","7874 Joseph Throughway Apt. 555","marksolis@hotmail.com"
"Jocelyn","199 Michael Port","emilyestrada@thomas.biz"
"Sean","614 Wesley Light","jesse50@barnes.com"
"Debbie","68769 Jennifer Port Suite 175","matthew83@dodson.com"
"Steven","79285 Phillip Harbor","rferguson@zimmerman.info"
"Brian","858 Brenda Walks","joshua40@mccarty.info"
"Melanie","635 Jenny Ranch Apt. 855","justin56@gmail.com"
"Michaela","55385 Griffin Springs","burnssteve@yahoo.com"
"Peter","8657 Sara Run","nguyenmichael@stewart-ramirez.com"
"Elaine","4559 Manning Divide","jacobsonemily@yahoo.com"
"Miguel","1625 James Shore","tbrown@howell.com"
"Charles","28270 Kaitlyn Crescent Suite 278","hollyjohnson@hotmail.com"
"Jesse","021 Wise Brook","reedmark@donaldson-macdonald.org"
"Kayla","59035 Miller Mission","kristinadavis@hotmail.com"
"Samantha","01246 Yolanda Parkway","amandaperry@shaw-carlson.com"
"Tyrone","874 Phillips Expressway","pschroeder@johnson.com"
"Kevin","73245 Barry Bypass","xtaylor@murphy.org"
"Lori","33045 Greene Manor Apt. 911","zayers@marshall.net"
"Andrew","278 May Mountain Suite 086","nsantos@gmail.com"
"Alyssa","44548 Monique Mountain Suite 731","ewright@yahoo.com"
"Kimberly","6859 Collins Lakes Apt. 741","johnswanson@washington-joyce.com"
"William","64652 Wilson Plains Suite 416","xsutton@yahoo.com"
"Amanda","015 Myers Skyway","vkane@young.info"
"Theodore","349 Todd Square Apt. 200","christopheroconnor@gmail.com"
"Jeffrey","6543 Reese Springs","gaguirre@yahoo.com"
"Jennifer","313 Kyle Bridge Suite 339","larsenanna@hill-calhoun.com"
"Catherine","07858 Kayla Heights Suite 893","dianavasquez@davis.info"
"Richard","2792 Aaron Corners Suite 073","amurphy@houston.org"
"Kim","951 Timothy Common Suite 520","alicia60@yahoo.com"
"Randall","4493 Paul Grove Apt. 083","mschmidt@yahoo.com"
"Donna","4081 Peter Mission Apt. 543","scottmurray@yahoo.com"
"Kathleen","3493 Morris Plain","qsingleton@simpson-harris.info"
"James","93319 Kevin Mill","haleycunningham@norris.biz"
"Patricia","57894 Harper Cove","john04@thompson.com"
"Linda","002 Scott Freeway","ashleyjones@hotmail.com"
"Corey","70211 Melissa Vista Apt. 745","carldavis@yahoo.com"
"Diana","65908 Green Mews Apt. 093","leeangela@gmail.com"
"William","69228 Kevin Mission Apt. 339","danastrong@yahoo.com"
"Roger","00695 Peterson Streets Suite 826","latoya65@yahoo.com"
"Justin","051 Christian Alley","johnsonshelby@hotmail.com"
"Michael","7076 Chavez Ferry","alexandra87@yahoo.com"
"Victoria","88944 Bowers Spur Apt. 643","virginiawhitney@gmail.com"
"Anna","161 Brooks Heights Apt. 457","sean99@cook-montgomery.com"
"Carmen","260 Morgan Hollow Apt. 602","tracey59@hotmail.com"
"Mark","0336 Savannah Shoals","summerskathleen@higgins.com"
"Wanda","616 Debra Ports Apt. 171","heatherwarren@jones.com"
"Emily","519 Valerie Lodge","doughertyjoseph@yahoo.com"
"Bryan","3614 Robbins Inlet","spencerleslie@parsons.com"
"Rachel","666 Brown Lodge Apt. 658","jordankimberly@yahoo.com"
"Tiffany","4652 Davidson Key Suite 453","misty40@yahoo.com"
"Bryan","7373 Alexis Island","qross@ruiz.com"
"Keith","35569 Webb Pike","jwillis@yahoo.com"
"Devin","9636 Harris Junctions Suite 024","tyrone64@patel.biz"
"Christopher","461 Reynolds Drive","ryanlynn@hotmail.com"
"Victoria","277 Robert Union","dsingleton@yahoo.com"
"Sarah","1237 Daniel Row","qflowers@hotmail.com"
"April","09257 Wolf Courts Apt. 134","reedalejandro@goodman.com"
"Mark","5541 Brian Route","ronald73@yahoo.com"
"Ashley","218 Hoffman Fort","mayswilliam@parker-jones.biz"
"Patrick","3424 Brandon Square Suite 434","cookpamela@yahoo.com"
"Jill","3616 King Path","brownkevin@davis-lee.org"
"Cathy","61737 Erik Extension","stevensonmichael@yahoo.com"
"Bradley","493 Taylor Way","ylopez@gmail.com"
"Ashley","22853 Robertson Ridges","tiffany11@hotmail.com"
"Kimberly","987 Brittany Dam","wwaters@mitchell-duncan.com"
"Anthony","373 Nelson Crest","njohnson@conner-anderson.com"
"Albert","3892 Trujillo Loop","asalas@gmail.com"
"Stephanie","3451 Evans Motorway","leecatherine@hotmail.com"
"Betty","67977 Tyler Junction Suite 567","mitchelljessica@gmail.com"
"James","7487 Jensen Freeway Apt. 490","whitepeter@howe-wilson.com"
"Kimberly","401 Jack Locks Suite 145","zarmstrong@gmail.com"
"Michael","77834 Anna Heights Apt. 312","ccarson@wallace-curry.com"
"Melissa","166 Mckenzie Junctions Suite 187","harrisjulie@hotmail.com"
"Rachel","81136 Martinez Hills Suite 872","thompsonlinda@yahoo.com"
"Elizabeth","840 Thompson Locks","krandolph@snow.com"
"Jean","688 Juan Flat","jennifer65@davis-nichols.com"
"Tanner","723 Michele Motorway Apt. 877","glenn69@garcia.info"
"Douglas","03429 Sandra Estates","vargastimothy@gmail.com"
"Catherine","181 Thomas Forges Suite 405","egarrison@james.net"
"Aaron","8402 Joel Row","david57@yahoo.com"
"Kyle","0223 Malone Drives Suite 745","craigjohnson@gmail.com"
"David","5298 Johnson Mission Suite 305","john18@hotmail.com"
"Donna","479 Nicole Squares","justin66@hotmail.com"
"Anthony","369 Shepard Port","anthony44@hotmail.com"
"Nicole","905 Moore Square Suite 258","theresa74@yahoo.com"
"Bonnie","2769 Cook Village","briggsjoel@anderson.biz"
"Melissa","5467 Moran Coves","boltonjohn@gmail.com"
"Kevin","23528 Joshua Junction Apt. 964","kathrynhoward@hotmail.com"
"Diana","7702 William Shoal Suite 891","dylanmartinez@landry.com"
"Ryan","757 Lisa Lakes","andrew99@gmail.com"
"Penny","02343 Garcia Mountains","powellsharon@williams-lewis.biz"
"Robert","445 Angela Alley","bobby81@james-moss.com"
"Alex","54450 Ray Court","anne57@williams.com"
"Nancy","001 Elizabeth Parks","pcrawford@patel.com"
"Heather","5944 Cameron Crossroad","markrodriguez@hotmail.com"
"Melissa","993 Ryan Coves Suite 885","knightdebra@hines.com"
"Scott","977 Alvarez Trafficway Apt. 689","chadstrickland@gmail.com"
"Elizabeth","43587 Haas Oval Apt. 314","gregwalker@yahoo.com"
"Elizabeth","644 Hebert Lights","heather04@hotmail.com"
"Charlotte","0004 Katherine Bridge","garciarandy@hotmail.com"
"Julie","6805 John Ferry","xjones@miller-arnold.biz"
"Teresa","12026 Richard Harbors Apt. 999","bmoore@gmail.com"
"Ashley","898 Vincent Summit Suite 471","hillcrystal@barker-hoffman.com"
"Eric","2472 Michelle Crest Suite 551","juliaferguson@gutierrez.com"
"Kimberly","24512 Irwin Villages Suite 309","jennifermiddleton@gmail.com"
"Andrew","50562 Smith Mews Suite 568","davidcarter@williams.com"
"Tony","364 Gonzales Forge Suite 161","rowlandthomas@gmail.com"
"Nicole","032 Roberts Vista","roysmith@yahoo.com"
"Lisa","60183 Anthony Lane Suite 729","donna33@lowery.info"
"Brandy","5237 Daniel Place","robert12@mills.biz"
"Jeffrey","0610 Joseph Fort Suite 408","kimberly47@yahoo.com"
"Sheri","0300 Strickland River","dhunt@yahoo.com"
"Brian","46332 Wendy Junctions","andrew38@hotmail.com"
"Christopher","06594 Patrick Stream Apt. 405","charleshall@smith.com"
"Jimmy","0899 Tina Pine","jasonsmith@hotmail.com"
"David","19400 Dennis Port Suite 170","jenniferespinoza@yahoo.com"
"Keith","00797 Jonathan Lane","grose@gmail.com"
"Diana","497 Brandi Tunnel Suite 367","cynthia71@gmail.com"
"Jessica","4493 Morrison Radial","sean53@hotmail.com"
"Nicole","44183 Johnson Track Apt. 316","jessica16@gmail.com"
"Mark","7103 Johnson Roads","jeffreyharris@yahoo.com"
"Justin","94690 Williams Circle Suite 417","jgibson@hotmail.com"
"Joseph","534 Joyce River Apt. 963","allenkelsey@gmail.com"
"Cynthia","96908 Joseph Gardens Suite 096","jasonchavez@lewis-walsh.com"
"Gary","93978 Colleen Shoal","amy82@mendoza.com"
"Crystal","334 Price Lane Apt. 104","jennifer83@yahoo.com"
"Cynthia","38910 Gloria Shore Apt. 954","jamescontreras@yahoo.com"
